Bandar Lampung;Kemiling;Sumber Rejo Sejahtera;Siaga;
Bandar Lampung;Enggal;Gunung Sari;Waspada;
Bandar Lampung;Enggal;Rawa Laut;Siaga;
Bandar Lampung;Enggal;Tanjung Karang;Siaga;
Bandar Lampung;Kedamaian;Tanjung Agung Raya;Siaga;
Bandar Lampung;Kedamaian;Tanjung Baru;Siaga;
Bandar Lampung;Kedamaian;Tanjung Gading;Siaga;
Bandar Lampung;Kedamaian;Tanjung Raya;Siaga;
Bandar Lampung;Langkapura;Gunung Agung;Siaga;
Bandar Lampung;Langkapura;Gunung Terang;Siaga;
Bandar Lampung;Tanjung Karang Barat;Gedong Air;Siaga;
Bandar Lampung;Tanjung Karang Barat;Kelapa Tiga Permai;Siaga;
Bandar Lampung;Tanjung Karang Barat;Segala Mider;Siaga;
Bandar Lampung;Tanjung Karang Barat;Sukadanaham;Siaga;
Bandar Lampung;Tanjung Karang Barat;Sukajawa;Siaga;
Bandar Lampung;Tanjung Karang Barat;Sukajawa Baru;Waspada;
Bandar Lampung;Tanjung Karang Barat;Susunan Baru;Siaga;
Bandar Lampung;Tanjung Karang Pusat;Durian Payung;Siaga;
Bandar Lampung;Tanjung Karang Pusat;Gotong Royong;Siaga;
Bandar Lampung;Tanjung Karang Pusat;Kaliawi;Siaga;
Bandar Lampung;Tanjung Karang Pusat;Kaliawi Persada;Siaga;
Bandar Lampung;Tanjung Karang Pusat;Kelapa Tiga;Siaga;
Bandar Lampung;Tanjung Karang Pusat;Palapa;Siaga;
Bandar Lampung;Tanjung Karang Pusat;Pasir Gintung;Bahaya;
Bandar Lampung;Tanjung Karang Timur;Kebon Jeruk;Siaga;
Bandar Lampung;Tanjung Karang Timur;Kota Baru;Siaga;
Bandar Lampung;Tanjung Karang Timur;Sawah Brebes;Siaga;
Bandar Lampung;Tanjung Karang Timur;Sawah Lama;Siaga;
Bandar Lampung;Tanjung Karang Timur;Tanjung Agung;Siaga;
Bandar Lampung;Teluk Betung Barat;Bakung;Siaga;
Bandar Lampung;Teluk Betung Barat;Batu Putuk;Siaga;
Bandar Lampung;Teluk Betung Barat;Kuripan;Siaga;
Bandar Lampung;Teluk Betung Barat;Negeri Olok Gading;Bahaya;
Bandar Lampung;Teluk Betung Barat;Sukarame II;Siaga;
Bandar Lampung;Teluk Betung Selatan;Gedong Pakuan;Siaga;
Bandar Lampung;Teluk Betung Selatan;Gunung Mas;Siaga;
Bandar Lampung;Teluk Betung Selatan;Pesawahan;Siaga;
Bandar Lampung;Teluk Betung Selatan;Sumur Putri;Siaga;
Bandar Lampung;Teluk Betung Selatan;Talang;Siaga;
Bandar Lampung;Teluk Betung Selatan;Teluk Betung;Waspada;
Bandar Lampung;Teluk Betung Timur;Keteguhan;Bahaya;
Bandar Lampung;Teluk Betung Timur;Kota Karang;Siaga;
Bandar Lampung;Teluk Betung Timur;Kota Karang Raya;Siaga;
Bandar Lampung;Teluk Betung Timur;Perwata;Siaga;
Bandar Lampung;Teluk Betung Timur;Sukamaju;Siaga;
Bandar Lampung;Teluk Betung Timur;Way Tataan;Siaga;
Bandar Lampung;Teluk Betung Utara;Gulak Galik;Waspada;
Bandar Lampung;Teluk Betung Utara;Kupang Kota;Siaga;
Bandar Lampung;Teluk Betung Utara;Kupang Raya;Siaga;
Bandar Lampung;Teluk Betung Utara;Kupang Teba;Siaga;
Bandar Lampung;Teluk Betung Utara;Pengajaran;Siaga;
Bandar Lampung;Teluk Betung Utara;Sumur Batu;Siaga;
Bandar Lampung;Way Halim;Gunung Sulah;Siaga;
KOTA METRO;Metro Timur;Iringmulyo;Waspada;
KOTA METRO;Metro Timur;Tejoagung;Siaga;
KOTA METRO;Metro Barat;Ganjaragung;Siaga;
KOTA METRO;Metro Barat;Ganjarasri;Siaga;
LAMPUNG SELATAN;Kec. Bakauheni;Bakauheni;Siaga;
LAMPUNG SELATAN;Kec. Bakauheni;Hatta;Siaga;
LAMPUNG SELATAN;Kec. Bakauheni;Kelawi;Siaga;
LAMPUNG SELATAN;Kec. Bakauheni;Semanak;Aman;
LAMPUNG SELATAN;Kec. Bakauheni;Totoharjo;Siaga;
LAMPUNG SELATAN;Kec. Candipuro;Banyumas;Aman;
LAMPUNG SELATAN;Kec. Candipuro;Batuliman Indah;Siaga;
LAMPUNG SELATAN;Kec. Candipuro;Beringin Kencana;Siaga;
LAMPUNG SELATAN;Kec. Candipuro;Bumi Jaya;Siaga;
LAMPUNG SELATAN;Kec. Candipuro;Cintamulya;Siaga;
LAMPUNG SELATAN;Kec. Candipuro;Karya Mulya Sari;Aman;
LAMPUNG SELATAN;Kec. Candipuro;Rantau Minyak;Aman;
LAMPUNG SELATAN;Kec. Candipuro;Rawa Selapan;Siaga;
LAMPUNG SELATAN;Kec. Candipuro;Sidoasri;Siaga;
LAMPUNG SELATAN;Kec. Candipuro;Sinar Palembang;Siaga;
LAMPUNG SELATAN;Kec. Candipuro;Sinar Pasemah;Aman;
LAMPUNG SELATAN;Kec. Candipuro;Titiwangi;Waspada;
LAMPUNG SELATAN;Kec. Candipuro;Trimomukti;Siaga;
LAMPUNG SELATAN;Kec. Candipuro;Way Gelam;Siaga;
LAMPUNG SELATAN;Kec. Jati Agung;Banjar Agung;Aman;
LAMPUNG SELATAN;Kec. Jati Agung;Fajar Baru;Siaga;
LAMPUNG SELATAN;Kec. Jati Agung;Gedung Agung;Aman;
LAMPUNG SELATAN;Kec. Jati Agung;Gedung Harapan;Aman;
LAMPUNG SELATAN;Kec. Jati Agung;Jatimulyo;Waspada;
LAMPUNG SELATAN;Kec. Jati Agung;Karang Anyar;Siaga;
LAMPUNG SELATAN;Kec. Jati Agung;Karang Rejo;Aman;
LAMPUNG SELATAN;Kec. Jati Agung;Karang Sari;Aman;
LAMPUNG SELATAN;Kec. Jati Agung;Marga Kaya;Siaga;
LAMPUNG SELATAN;Kec. Jati Agung;Marga Agung;Siaga;
LAMPUNG SELATAN;Kec. Jati Agung;Margo Dadi;Aman;
LAMPUNG SELATAN;Kec. Jati Agung;Margo Lestari;Siaga;
LAMPUNG SELATAN;Kec. Jati Agung;Margo Rejo;Aman;
LAMPUNG SELATAN;Kec. Jati Agung;Margomulyo;Aman;
LAMPUNG SELATAN;Kec. Jati Agung;Purwotani;Aman;
LAMPUNG SELATAN;Kec. Jati Agung;Rejomulyo;Siaga;
LAMPUNG SELATAN;Kec. Jati Agung;Sidoasri;Aman;
LAMPUNG SELATAN;Kec. Jati Agung;Sidoharjo;Siaga;
LAMPUNG SELATAN;Kec. Jati Agung;Sinar Rejeki;Aman;
LAMPUNG SELATAN;Kec. Jati Agung;Sumber Jaya;Siaga;
LAMPUNG SELATAN;Kec. Jati Agung;Way Huwi;Siaga;
LAMPUNG SELATAN;Kec. Kalianda;Agom;Aman;
LAMPUNG SELATAN;Kec. Kalianda;Babulang;Siaga;
LAMPUNG SELATAN;Kec. Kalianda;Buah Berak;Siaga;
LAMPUNG SELATAN;Kec. Kalianda;Bulok;Aman;
LAMPUNG SELATAN;Kec. Kalianda;Canggu;Siaga;
LAMPUNG SELATAN;Kec. Kalianda;Gunung Terang;Siaga;
LAMPUNG SELATAN;Kec. Kalianda;Hara Banjar Manis;Siaga;
LAMPUNG SELATAN;Kec. Kalianda;Jondong;Siaga;
LAMPUNG SELATAN;Kec. Kalianda;Kecapi;Siaga;
LAMPUNG SELATAN;Kec. Kalianda;Kedaton;Waspada;
LAMPUNG SELATAN;Kec. Kalianda;Kesugihan;Siaga;
LAMPUNG SELATAN;Kec. Kalianda;Maja;Siaga;
LAMPUNG SELATAN;Kec. Kalianda;Marga Catur;Aman;
LAMPUNG SELATAN;Kec. Kalianda;Merak Belantung;Siaga;
LAMPUNG SELATAN;Kec. Kalianda;Munjuk Sempurna;Aman;
LAMPUNG SELATAN;Kec. Kalianda;Negeri Pandan;Siaga;
LAMPUNG SELATAN;Kec. Kalianda;Palembapang;Siaga;
LAMPUNG SELATAN;Kec. Kalianda;Pauh Tanjung Iman;Aman;
LAMPUNG SELATAN;Kec. Kalianda;Pematang;Siaga;
LAMPUNG SELATAN;Kec. Kalianda;Suka Tani;Aman;
LAMPUNG SELATAN;Kec. Kalianda;Sukaratu;Siaga;
LAMPUNG SELATAN;Kec. Kalianda;Sumurkumbang;Aman;
LAMPUNG SELATAN;Kec. Kalianda;Tajimalela;Siaga;
LAMPUNG SELATAN;Kec. Kalianda;Taman Agung;Aman;
LAMPUNG SELATAN;Kec. Kalianda;Tengkujuh;Aman;
LAMPUNG SELATAN;Kec. Kalianda;Bumi Agung ;Siaga;
LAMPUNG SELATAN;Kec. Kalianda;Kalianda ;Siaga;
LAMPUNG SELATAN;Kec. Kalianda;Way Urang ;Siaga;
LAMPUNG SELATAN;Kec. Kalianda;Way Lubuk;Siaga;
LAMPUNG SELATAN;Kec. Katibung;Babatan;Siaga;
LAMPUNG SELATAN;Kec. Katibung;Karya Tunggal;Aman;
LAMPUNG SELATAN;Kec. Katibung;Neglasari;Aman;
LAMPUNG SELATAN;Kec. Katibung;Pardasuka;Siaga;
LAMPUNG SELATAN;Kec. Katibung;Rangai Tri Tunggal;Waspada;
LAMPUNG SELATAN;Kec. Katibung;Sidomekar;Aman;
LAMPUNG SELATAN;Kec. Katibung;Sukajaya;Siaga;
LAMPUNG SELATAN;Kec. Katibung;Tanjungagung;Siaga;
LAMPUNG SELATAN;Kec. Katibung;Tanjungan;Siaga;
LAMPUNG SELATAN;Kec. Katibung;Tanjungratu;Siaga;
LAMPUNG SELATAN;Kec. Katibung;Tarahan;Siaga;
LAMPUNG SELATAN;Kec. Katibung;Trans Tanjungan;Aman;
LAMPUNG SELATAN;Kec. Ketapang;Bangun Rejo;Siaga;
LAMPUNG SELATAN;Kec. Ketapang;Berundung;Siaga;
LAMPUNG SELATAN;Kec. Ketapang;Karang Sari;Siaga;
LAMPUNG SELATAN;Kec. Ketapang;Kemukus;Siaga;
LAMPUNG SELATAN;Kec. Ketapang;Ketapang;Siaga;
LAMPUNG SELATAN;Kec. Ketapang;Legundi;Siaga;
LAMPUNG SELATAN;Kec. Ketapang;Lembung Nala;Aman;
LAMPUNG SELATAN;Kec. Ketapang;Pematang Pasir;Siaga;
LAMPUNG SELATAN;Kec. Ketapang;Ruguk;Siaga;
LAMPUNG SELATAN;Kec. Ketapang;Sidoasih;Aman;
LAMPUNG SELATAN;Kec. Ketapang;Sidoluhur;Siaga;
LAMPUNG SELATAN;Kec. Ketapang;Sri Pendowo;Siaga;
LAMPUNG SELATAN;Kec. Ketapang;Sumber Nadi;Siaga;
LAMPUNG SELATAN;Kec. Ketapang;Sumur;Siaga;
LAMPUNG SELATAN;Kec. Ketapang;Taman Sari;Aman;
LAMPUNG SELATAN;Kec. Ketapang;Tri Darma Yoga;Siaga;
LAMPUNG SELATAN;Kec. Ketapang;Wai Sidomukti;Aman;
LAMPUNG SELATAN;Kec. Merbau Mataram;Baru Ranji;Siaga;
LAMPUNG SELATAN;Kec. Merbau Mataram;Batuagung;Aman;
LAMPUNG SELATAN;Kec. Merbau Mataram;Karang Jaya;Aman;
LAMPUNG SELATAN;Kec. Merbau Mataram;Karang Raja;Siaga;
LAMPUNG SELATAN;Kec. Merbau Mataram;Lebungsari;Aman;
LAMPUNG SELATAN;Kec. Merbau Mataram;Mekar Jaya;Aman;
LAMPUNG SELATAN;Kec. Merbau Mataram;Merbau Mataram;Siaga;
LAMPUNG SELATAN;Kec. Merbau Mataram;Panca Tunggal;Aman;
LAMPUNG SELATAN;Kec. Merbau Mataram;Pujirahayu;Aman;
LAMPUNG SELATAN;Kec. Merbau Mataram;Sinar Karya;Aman;
LAMPUNG SELATAN;Kec. Merbau Mataram;Suban;Siaga;
LAMPUNG SELATAN;Kec. Merbau Mataram;Talang Jawa;Siaga;
LAMPUNG SELATAN;Kec. Merbau Mataram;Tanjung Baru;Aman;
LAMPUNG SELATAN;Kec. Merbau Mataram;Tanjung Harapan;Aman;
LAMPUNG SELATAN;Kec. Merbau Mataram;Triharjo;Aman;
LAMPUNG SELATAN;Kec. Natar;Bandar Rejo;Aman;
LAMPUNG SELATAN;Kec. Natar;Banjarnegeri;Aman;
LAMPUNG SELATAN;Kec. Natar;Beranti Raya;Siaga;
LAMPUNG SELATAN;Kec. Natar;Bumisari;Siaga;
LAMPUNG SELATAN;Kec. Natar;Candi Mas;Siaga;
LAMPUNG SELATAN;Kec. Natar;Haduyang;Siaga;
LAMPUNG SELATAN;Kec. Natar;Kalisari;Aman;
LAMPUNG SELATAN;Kec. Natar;Hajimena;Siaga;
LAMPUNG SELATAN;Kec. Natar;Krawang Sari;Siaga;
LAMPUNG SELATAN;Kec. Natar;Mandah;Aman;
LAMPUNG SELATAN;Kec. Natar;Merak Batin;Siaga;
LAMPUNG SELATAN;Kec. Natar;Muara Putih;Siaga;
LAMPUNG SELATAN;Kec. Natar;Natar;Siaga;
LAMPUNG SELATAN;Kec. Natar;Negara Ratu;Siaga;
LAMPUNG SELATAN;Kec. Natar;Pancasila;Aman;
LAMPUNG SELATAN;Kec. Natar;Pemanggilan;Waspada;
LAMPUNG SELATAN;Kec. Natar;Purwosari;Aman;
LAMPUNG SELATAN;Kec. Natar;Rejosari;Siaga;
LAMPUNG SELATAN;Kec. Natar;Rulung Helok;Siaga;
LAMPUNG SELATAN;Kec. Natar;Rulung Mulya;Siaga;
LAMPUNG SELATAN;Kec. Natar;Rulung Raya;Siaga;
LAMPUNG SELATAN;Kec. Natar;Rulung Sari;Siaga;
LAMPUNG SELATAN;Kec. Natar;Sidosari;Aman;
LAMPUNG SELATAN;Kec. Natar;Sukadamai;Siaga;
LAMPUNG SELATAN;Kec. Natar;Tanjungsari;Siaga;
LAMPUNG SELATAN;Kec. Natar;Wai Sari;Aman;
LAMPUNG SELATAN;Kec. Palas;Bali Agung;Siaga;
LAMPUNG SELATAN;Kec. Palas;Bandan Hurip;Siaga;
LAMPUNG SELATAN;Kec. Palas;Bangunan;Siaga;
LAMPUNG SELATAN;Kec. Palas;Bumi Asih;Aman;
LAMPUNG SELATAN;Kec. Palas;Bumi Asri;Aman;
LAMPUNG SELATAN;Kec. Palas;Bumi Daya;Siaga;
LAMPUNG SELATAN;Kec. Palas;Bumi Restu;Siaga;
LAMPUNG SELATAN;Kec. Palas;Kalirejo;Aman;
LAMPUNG SELATAN;Kec. Palas;Mekar Mulya;Aman;
LAMPUNG SELATAN;Kec. Palas;Palas Aji;Siaga;
LAMPUNG SELATAN;Kec. Palas;Palas Jaya;Siaga;
LAMPUNG SELATAN;Kec. Palas;Palas Pasemah;Siaga;
LAMPUNG SELATAN;Kec. Palas;Pematang Baru;Aman;
LAMPUNG SELATAN;Kec. Palas;Pulau Jaya;Siaga;
LAMPUNG SELATAN;Kec. Palas;Pulau Tengah;Aman;
LAMPUNG SELATAN;Kec. Palas;Rejo Mulyo;Aman;
LAMPUNG SELATAN;Kec. Palas;Suka Mulya;Siaga;
LAMPUNG SELATAN;Kec. Palas;Sukabakti;Aman;
LAMPUNG SELATAN;Kec. Palas;Sukaraja;Siaga;
LAMPUNG SELATAN;Kec. Palas;Tanjung Jaya;Aman;
LAMPUNG SELATAN;Kec. Palas;Tanjung Sari;Aman;
LAMPUNG SELATAN;Kec. Penengahan;Banjarmasin;Siaga;
LAMPUNG SELATAN;Kec. Penengahan;Belambangan;Siaga;
LAMPUNG SELATAN;Kec. Penengahan;Gandri;Aman;
LAMPUNG SELATAN;Kec. Penengahan;Gayam;Siaga;
LAMPUNG SELATAN;Kec. Penengahan;Gedungharta;Siaga;
LAMPUNG SELATAN;Kec. Penengahan;Kampungbaru;Siaga;
LAMPUNG SELATAN;Kec. Penengahan;Kekiling;Siaga;
LAMPUNG SELATAN;Kec. Penengahan;Kelau;Siaga;
LAMPUNG SELATAN;Kec. Penengahan;Klaten;Aman;
LAMPUNG SELATAN;Kec. Penengahan;Kuripan;Siaga;
LAMPUNG SELATAN;Kec. Penengahan;Padan;Siaga;
LAMPUNG SELATAN;Kec. Penengahan;Panengahan;Siaga;
LAMPUNG SELATAN;Kec. Penengahan;Pasuruan;Siaga;
LAMPUNG SELATAN;Kec. Penengahan;Pisang;Siaga;
LAMPUNG SELATAN;Kec. Penengahan;Rawi;Siaga;
LAMPUNG SELATAN;Kec. Penengahan;Ruang Tengah;Siaga;
LAMPUNG SELATAN;Kec. Penengahan;Sukabaru;Siaga;
LAMPUNG SELATAN;Kec. Penengahan;Sukajaya;Aman;
LAMPUNG SELATAN;Kec. Penengahan;Taman Baru;Siaga;
LAMPUNG SELATAN;Kec. Penengahan;Tanjung Heran;Siaga;
LAMPUNG SELATAN;Kec. Penengahan;Tetaan;Waspada;
LAMPUNG SELATAN;Kec. Penengahan;Way Kalam;Aman;
LAMPUNG SELATAN;Kec. Rajabasa;Banding;Siaga;
LAMPUNG SELATAN;Kec. Rajabasa;Batu Balak;Aman;
LAMPUNG SELATAN;Kec. Rajabasa;Betung;Siaga;
LAMPUNG SELATAN;Kec. Rajabasa;Canggung;Siaga;
LAMPUNG SELATAN;Kec. Rajabasa;Canti;Siaga;
LAMPUNG SELATAN;Kec. Rajabasa;Cugung;Aman;
LAMPUNG SELATAN;Kec. Rajabasa;Hargo Pancoran;Aman;
LAMPUNG SELATAN;Kec. Rajabasa;Kerinjing;Aman;
LAMPUNG SELATAN;Kec. Rajabasa;Kota Guring;Siaga;
LAMPUNG SELATAN;Kec. Rajabasa;Kunjir;Siaga;
LAMPUNG SELATAN;Kec. Rajabasa;Rajabasa;Siaga;
LAMPUNG SELATAN;Kec. Rajabasa;Sukaraja;Siaga;
LAMPUNG SELATAN;Kec. Rajabasa;Tanjung Gading;Aman;
LAMPUNG SELATAN;Kec. Rajabasa;Tejang Pulau Sebesi;Aman;
LAMPUNG SELATAN;Kec. Rajabasa;Waymuli;Siaga;
LAMPUNG SELATAN;Kec. Rajabasa;Waymuli Timur;Siaga;
LAMPUNG SELATAN;Kec. Sidomulyo;Bandar Dalam;Siaga;
LAMPUNG SELATAN;Kec. Sidomulyo;Budi Daya;Siaga;
LAMPUNG SELATAN;Kec. Sidomulyo;Campang Tiga;Siaga;
LAMPUNG SELATAN;Kec. Sidomulyo;Kota Dalam;Siaga;
LAMPUNG SELATAN;Kec. Sidomulyo;Seloretno;Siaga;
LAMPUNG SELATAN;Kec. Sidomulyo;Sidodadi;Siaga;
LAMPUNG SELATAN;Kec. Sidomulyo;Sidomulyo;Siaga;
LAMPUNG SELATAN;Kec. Sidomulyo;Sidorejo;Siaga;
LAMPUNG SELATAN;Kec. Sidomulyo;Sidowaluyo;Siaga;
LAMPUNG SELATAN;Kec. Sidomulyo;Siring Jaha;Aman;
LAMPUNG SELATAN;Kec. Sidomulyo;Suak;Siaga;
LAMPUNG SELATAN;Kec. Sidomulyo;Sukabanjar;Aman;
LAMPUNG SELATAN;Kec. Sidomulyo;Sukamaju;Siaga;
LAMPUNG SELATAN;Kec. Sidomulyo;Sukamarga;Siaga;
LAMPUNG SELATAN;Kec. Sidomulyo;Talang Baru;Siaga;
LAMPUNG SELATAN;Kec. Sidomulyo;Banjarsuri;Aman;
LAMPUNG SELATAN;Kec. Sragi;Bakti Rasa;Siaga;
LAMPUNG SELATAN;Kec. Sragi;Bandar Agung;Siaga;
LAMPUNG SELATAN;Kec. Sragi;Kedaung;Aman;
LAMPUNG SELATAN;Kec. Sragi;Kuala Sekampung;Siaga;
LAMPUNG SELATAN;Kec. Sragi;Mandalasari;Aman;
LAMPUNG SELATAN;Kec. Sragi;Margajasa;Aman;
LAMPUNG SELATAN;Kec. Sragi;Margasari;Aman;
LAMPUNG SELATAN;Kec. Sragi;Sukapura;Siaga;
LAMPUNG SELATAN;Kec. Sragi;Sumber Agung;Aman;
LAMPUNG SELATAN;Kec. Sragi;Sumber Sari;Aman;
LAMPUNG SELATAN;Kec. Tanjung Bintang;Budi Lestari;Aman;
LAMPUNG SELATAN;Kec. Tanjung Bintang;Galih Lunik;Siaga;
LAMPUNG SELATAN;Kec. Tanjung Bintang;Jati Indah;Siaga;
LAMPUNG SELATAN;Kec. Tanjung Bintang;Jatibaru;Siaga;
LAMPUNG SELATAN;Kec. Tanjung Bintang;Kali Asin;Siaga;
LAMPUNG SELATAN;Kec. Tanjung Bintang;Lematang;Siaga;
LAMPUNG SELATAN;Kec. Tanjung Bintang;Purwodadi Simpang;Siaga;
LAMPUNG SELATAN;Kec. Tanjung Bintang;Rejomulyo;Aman;
LAMPUNG SELATAN;Kec. Tanjung Bintang;Sabah Balau;Siaga;
LAMPUNG SELATAN;Kec. Tanjung Bintang;Serdang;Waspada;
LAMPUNG SELATAN;Kec. Tanjung Bintang;Sinar Ogan;Siaga;
LAMPUNG SELATAN;Kec. Tanjung Bintang;Sindang Sari;Aman;
LAMPUNG SELATAN;Kec. Tanjung Bintang;Sri Katon;Aman;
LAMPUNG SELATAN;Kec. Tanjung Bintang;Sukanegara;Siaga;
LAMPUNG SELATAN;Kec. Tanjung Bintang;Trimulyo;Aman;
LAMPUNG SELATAN;Kec. Tanjung Bintang;Way Galih;Siaga;
LAMPUNG SELATAN;Kec;1;Bangunsari;Aman
LAMPUNG SELATAN;Kec;2;Kertosari;Siaga
LAMPUNG SELATAN;Kec;3;Malang Sari;Aman
LAMPUNG SELATAN;Kec;4;Mulyo Sari;Aman
LAMPUNG SELATAN;Kec;5;Purwodadi Dalam;Siaga
LAMPUNG SELATAN;Kec;6;Sidomukti;Aman
LAMPUNG SELATAN;Kec;7;Wawasan;Siaga
LAMPUNG SELATAN;Kec;8;Wonodadi;Aman
LAMPUNG SELATAN;Kec. Way Panji;Bali Nuraga;Siaga;
LAMPUNG SELATAN;Kec. Way Panji;Sido Harjo;Siaga;
LAMPUNG SELATAN;Kec. Way Panji;Sido Makmur;Aman;
LAMPUNG SELATAN;Kec. Way Panji;Sido Reno;Siaga;
LAMPUNG SELATAN;Kec. Way Sulan;Banjarsari;Aman;
LAMPUNG SELATAN;Kec. Way Sulan;Karang Pucung;Siaga;
LAMPUNG SELATAN;Kec. Way Sulan;Mekarsari;Aman;
LAMPUNG SELATAN;Kec. Way Sulan;Pemulihan;Aman;
LAMPUNG SELATAN;Kec. Way Sulan;Purwodadi;Aman;
LAMPUNG SELATAN;Kec. Way Sulan;Sukamaju;Aman;
LAMPUNG SELATAN;Kec. Way Sulan;Sumber Agung;Aman;
LAMPUNG SELATAN;Kec. Way Sulan;Talang Way Sulan;Siaga;
TANGGAMUS;Air Naningan;Sido Mulyo;Siaga;
TANGGAMUS;Bulok;Banjarmasin;Waspada;
TANGGAMUS;Cukuh Balak;Kejatian Lom;Siaga;
TANGGAMUS;Cukuh Balak;Kutakhang;Siaga;
TANGGAMUS;Gisting;Kutadalom;Siaga;
TANGGAMUS;Kelumbayan;Kiluan Negeri;Siaga;
TANGGAMUS;Kelumbayan;Napal;Siaga;
TANGGAMUS;Kelumbayan;Negeri Kelumbayan;Siaga;
TANGGAMUS;Kelumbayan;Paku;Siaga;
TANGGAMUS;Kelumbayan;Pekon Susuk;Siaga;
TANGGAMUS;Kelumbayan;Pekon Unggak;Siaga;
TANGGAMUS;Kelumbayan;Penyandingan;Waspada;
TANGGAMUS;Kelumbayan;Umbar;Siaga;
TANGGAMUS;Kota Agung;Penanggungan;Siaga;
TANGGAMUS;Kota Agung Barat;Banjarmasin;Siaga;
TANGGAMUS;Kota Agung Barat;Kasugihan;Siaga;
TANGGAMUS;Kota Agung Barat;Pajajaran;Siaga;
TANGGAMUS;Kota Agung Barat;Teba Bunuk;Siaga;
TANGGAMUS;Kota Agung Timur;Batu Keramat;Siaga;
TANGGAMUS;Kota Agung Timur;Karta;Siaga;
TANGGAMUS;Pulau Panggung;Gunung Agung;Aman;
TANGGAMUS;Pulau Panggung;Sinar Mancat;Siaga;
TANGGAMUS;Pulau Panggung;Tanjun Rejo;Siaga;
TANGGAMUS;Sumberejo;Argomulyo;Siaga;
TANGGAMUS;Sumberejo;Argopeni;Siaga;
TANGGAMUS;Sumberejo;Dadapan;Siaga;
TANGGAMUS;Sumberejo;Kebumen;Siaga;
TANGGAMUS;Sumberejo;Margodadi;Siaga;
TANGGAMUS;Sumberejo;Margoyoso;Siaga;
TANGGAMUS;Sumberejo;Sidomulyo;Siaga;
TANGGAMUS;Sumberejo;Sidorejo;Waspada;
TANGGAMUS;Sumberejo;Simpang Kanan;Siaga;
TANGGAMUS;Sumberejo;simpang Mulyo;Siaga;
TANGGAMUS;Sumberejo;Sumberejo;Waspada;
TANGGAMUS;Sumberejo;Tegal Binangun;Siaga;
TANGGAMUS;Sumberejo;Wonoharjo;Siaga;
TANGGAMUS;Talang Padang;Sukabumi;Siaga;
TANGGAMUS;Ulu Belu;Pagaralam Ulu Belu;Siaga;
TANGGAMUS;Ulu Belu;Sukamaju;Siaga;
TANGGAMUS;Wonosobo;Dadi Mulyo;Siaga;
TANGGAMUS;Wonosobo;Dadi Sari;Siaga;
TANGGAMUS;Wonosobo;Kali rejo;Siaga;
TANGGAMUS;Kelumbayan Barat;Lengkukai;Siaga;
TANGGAMUS;Kelumbayan Barat;Batu Patah;Siaga;
TANGGAMUS;Kelumbayan Barat;Marga Mulya;Siaga;
TANGGAMUS;Kelumbayan Barat;Merbau;Siaga;
TANGGAMUS;Kelumbayan Barat;Puwosari;Siaga;
TANGGAMUS;Kelumbayan Barat;Sidoharjo;Siaga;
LAMPUNG TIMUR;BATANGHARI;Adi Warno;Aman;
LAMPUNG TIMUR;BATANGHARI;Bale Kencono;Aman;
LAMPUNG TIMUR;BATANGHARI;Bale Rejo;Aman;
LAMPUNG TIMUR;BATANGHARI;Banjar Rejo;Waspada;
LAMPUNG TIMUR;BATANGHARI;Batang Harjo;Waspada;
LAMPUNG TIMUR;BATANGHARI;Nampi Rejo;Siaga;
LAMPUNG TIMUR;BATANGHARI;Sumber Rejo;Waspada;
LAMPUNG TIMUR;BATANGHARI;Telogo Rejo;Waspada;
LAMPUNG TIMUR;BATANGHARI NUBAN;Kedaton 1;Waspada;
LAMPUNG TIMUR;BATANGHARI NUBAN;Trisno Mulyo;Waspada;
LAMPUNG TIMUR;WAY JEPARA;Sriwangi;Bahaya;
LAMPUNG TIMUR;WAY JEPARA;Sumber Rejo;Aman;
LAMPUNG TIMUR;JABUNG;Beteng Sari;Bahaya;
LAMPUNG TIMUR;LABUHAN MARINGGAI;Marga Sari;Waspada;
LAMPUNG TIMUR;MARGA TIGA;Gedung Wani Timur;Bahaya;
LAMPUNG TIMUR;MARGA TIGA;Tri Sinar;Siaga;
LAMPUNG TIMUR;METRO KIBANG;Margo Toto;Waspada;
LAMPUNG TIMUR;PEKALONGAN;Adi Rejo;Bahaya;
LAMPUNG TIMUR;PEKALONGAN;Gondang Rejo;Bahaya;
LAMPUNG TIMUR;PEKALONGAN;Kali Bening;Bahaya;
LAMPUNG TIMUR;PEKALONGAN;Tulus Rejo;Waspada;
LAMPUNG TIMUR;RAMAN UTARA;Rukti Sediyo;Aman;
LAMPUNG TIMUR;SEKAMPUNG;Giri Karto;Siaga;
LAMPUNG TIMUR;SEKAMPUNG;Hargo Mulyo;Siaga;
LAMPUNG TIMUR;SEKAMPUNG;Sumbersari;Bahaya;
LAMPUNG TIMUR;SEKAMPUNG;Wono Karto;Waspada;
LAMPUNG TIMUR;SEKAMPUNG UDIK;Purwo Kencono;Waspada;
LAMPUNG TIMUR;SUKADANA;Sukadana Pasar;Bahaya;
LAMPUNG TIMUR;SUKADANA;Terbanggi Marga;Waspada;
LAMPUNG TIMUR;WAWAY KARYA;Sido Rahayu;Siaga;
LAMPUNG TIMUR;WAWAY KARYA;Sumber Rejo;Siaga;
LAMPUNG TIMUR;WAY BUNGUR;Tanjung Kencono;Siaga;
PESAWARAN;Kec. Gedong Tataan;Begelen;Siaga;
PESAWARAN;Kec. Gedong Tataan;Bernung;Siaga;
PESAWARAN;Kec. Gedong Tataan;Bogonegoro;Aman;
PESAWARAN;Kec. Gedong Tataan;Cipadang;Aman;
PESAWARAN;Kec. Gedong Tataan;Gedong tataan;Siaga;
PESAWARAN;Kec. Gedong Tataan;Karang anyar;Aman;
PESAWARAN;Kec. Gedong Tataan;kebagusan;Siaga;
PESAWARAN;Kec. Gedong Tataan;Kurungan Nyawa;Siaga;
PESAWARAN;Kec. Gedong Tataan;Kutoarjo;Aman;
PESAWARAN;Kec. Gedong Tataan;Negeri Sakti;Waspada;
PESAWARAN;Kec. Gedong Tataan;Padang Ratu;Siaga;
PESAWARAN;Kec. Gedong Tataan;Pampangan;Aman;
PESAWARAN;Kec. Gedong Tataan;Sukabanjar;Siaga;
PESAWARAN;Kec. Gedong Tataan;Sukabakti;Aman;
PESAWARAN;Kec. Gedong Tataan;Sukadadi;Aman;
PESAWARAN;Kec. Gedong Tataan;Sukaraja;Siaga;
PESAWARAN;Kec. Gedong Tataan;Sungai Langka;Siaga;
PESAWARAN;Kec. Gedong Tataan;Taman Sari;Aman;
PESAWARAN;Kec. Gedong Tataan;Wiyono;Siaga;
PESAWARAN;Kec. Kedondong;Babakan Loa;Aman;
PESAWARAN;Kec. Kedondong;Gunung Sugih;Siaga;
PESAWARAN;Kec. Kedondong;Harapan Jaya;Aman;
PESAWARAN;Kec. Kedondong;Kedondong;Siaga;
PESAWARAN;Kec. Kedondong;Kertasana;Aman;
PESAWARAN;Kec. Kedondong;Pasar Baru;Siaga;
PESAWARAN;Kec. Kedondong;Pesawaran Indah;Siaga;
PESAWARAN;Kec. Kedondong;Sinar Harapan;Aman;
PESAWARAN;Kec. Kedondong;Sukamaju;Aman;
PESAWARAN;Kec. Kedondong;Teba Jawa;Siaga;
PESAWARAN;Kec. Kedondong;Tempel Rejo;Aman;
PESAWARAN;Kec. Kedondong;Way Kepaayang;Siaga;
PESAWARAN;Kec. Margah Punduh;Kampung Baru;Siaga;
PESAWARAN;Kec. Margah Punduh;Kekatang;Aman;
PESAWARAN;Kec. Margah Punduh;Kunyaian;Aman;
PESAWARAN;Kec. Margah Punduh;Maja;Siaga;
PESAWARAN;Kec. Margah Punduh;Pekon Ampai;Siaga;
PESAWARAN;Kec. Margah Punduh;Penyandingan;Siaga;
PESAWARAN;Kec. Margah Punduh;Pulau Pahawang;Siaga;
PESAWARAN;Kec. Margah Punduh;Sukajaya Punduh;Siaga;
PESAWARAN;Kec. Margah Punduh;Tajur;Aman;
PESAWARAN;Kec. Margah Punduh;Umbul Limus;Aman;
PESAWARAN;Kec. Negeri Katon;Bangun Sari;Aman;
PESAWARAN;Kec. Negeri Katon;Halanagan Ratu;Siaga;
PESAWARAN;Kec. Negeri Katon;Kagungan Ratu;Siaga;
PESAWARAN;Kec. Negeri Katon;Kalirejo;Aman;
PESAWARAN;Kec. Negeri Katon;Kalangrejo;Aman;
PESAWARAN;Kec. Negeri Katon;Lumbirejo;Siaga;
PESAWARAN;Kec. Negeri Katon;Negara Saka;Siaga;
PESAWARAN;Kec. Negeri Katon;Negeri Katon;Waspada;
PESAWARAN;Kec. Negeri Katon;Negeri Ulangan Jaya;Aman;
PESAWARAN;Kec. Negeri Katon;Pejambon;Aman;
PESAWARAN;Kec. Negeri Katon;Ponco Kresno;Aman;
PESAWARAN;Kec. Negeri Katon;Pujo Rahayu;Aman;
PESAWARAN;Kec. Negeri Katon;Purworejo;Aman;
PESAWARAN;Kec. Negeri Katon;Roworejo;Aman;
PESAWARAN;Kec. Negeri Katon;Sidomulyo;Aman;
PESAWARAN;Kec. Negeri Katon;Sinar Bandung;Aman;
PESAWARAN;Kec. Negeri Katon;Tanjung Rejo;Siaga;
PESAWARAN;Kec. Negeri Katon;Tri Rahayu;Siaga;
PESAWARAN;Kec. Negeri Katon;Trisnomaju;Aman;
PESAWARAN;Kec. Padang Cermin;Banjaran;Siaga;
PESAWARAN;Kec. Padang Cermin;Durian;Siaga;
PESAWARAN;Kec. Padang Cermin;Gayau;Siaga;
PESAWARAN;Kec. Padang Cermin;Hanau Berak;Aman;
PESAWARAN;Kec. Padang Cermin;Khepong Jaya;Aman;
PESAWARAN;Kec. Padang Cermin;Padang Cermin;Siaga;
PESAWARAN;Kec. Padang Cermin;Paya;Aman;
PESAWARAN;Kec. Padang Cermin;Sanggi;Siaga;
PESAWARAN;Kec. Padang Cermin;Tambanagan;Aman;
PESAWARAN;Kec. Padang Cermin;Trimulyo;Aman;
PESAWARAN;Kec. Padang Cermin;Way Urang;Siaga;
PESAWARAN;Kec. Punduh Pidada;Banding Agung;Siaga;
PESAWARAN;Kec. Punduh Pidada;Bangun Rejo;Aman;
PESAWARAN;Kec. Punduh Pidada;Batu Raja;Siaga;
PESAWARAN;Kec. Punduh Pidada;Bawang;Siaga;
PESAWARAN;Kec. Punduh Pidada;Kota Jawa;Siaga;
PESAWARAN;Kec. Punduh Pidada;Pagar Jaya;Aman;
PESAWARAN;Kec. Punduh Pidada;Pulau Legundi;Siaga;
PESAWARAN;Kec. Punduh Pidada;Rubasa;Aman;
PESAWARAN;Kec. Punduh Pidada;Sukajaya Pidada;Siaga;
PESAWARAN;Kec. Punduh Pidada;Sukamaju;Aman;
PESAWARAN;Kec. Punduh Pidada;Sukarame;Siaga;
PESAWARAN;Kec. Tegineneng;Batang Hari Ogan;Siaga;
PESAWARAN;Kec. Tegineneng;Bumi Agung;Siaga;
PESAWARAN;Kec. Tegineneng;Gedung Gumanti;Siaga;
PESAWARAN;Kec. Tegineneng;Geming;Aman;
PESAWARAN;Kec. Tegineneng;Gunung Sugih Baru;Siaga;
PESAWARAN;Kec. Tegineneng;Kejadian;Waspada;
PESAWARAN;Kec. Tegineneng;Kota Agung;Siaga;
PESAWARAN;Kec. Tegineneng;Kresno Widodo;Aman;
PESAWARAN;Kec. Tegineneng;Margomulyo;Siaga;
PESAWARAN;Kec. Tegineneng;Margorejo;Aman;
PESAWARAN;Kec. Tegineneng;Negera Ratu Wates;Siaga;
PESAWARAN;Kec. Tegineneng;Panca Bakti;Siaga;
PESAWARAN;Kec. Tegineneng;Rejo Agung;Aman;
PESAWARAN;Kec. Tegineneng;Sinar Jati;Siaga;
PESAWARAN;Kec. Tegineneng;Trimulyo;Aman;
PESAWARAN;Kec. Tegineneng;Sriwedari;Aman;
PESAWARAN;Kec. Teluk Pandan;Batu Menyan;Siaga;
PESAWARAN;Kec. Teluk Pandan;Cilimus;Aman;
PESAWARAN;Kec. Teluk Pandan;Gebang;Siaga;
PESAWARAN;Kec. Teluk Pandan;Hanura;Siaga;
PESAWARAN;Kec. Teluk Pandan;Hurun;Siaga;
PESAWARAN;Kec. Teluk Pandan;Munca;Aman;
PESAWARAN;Kec. Teluk Pandan;Sidodadi;Siaga;
PESAWARAN;Kec. Teluk Pandan;Sukajaya Lempasing;Siaga;
PESAWARAN;Kec. Teluk Pandan;Talang Mulya;Aman;
PESAWARAN;Kec. Teluk Pandan;Tanjung Agung;Siaga;
PESAWARAN;Kec. Way Lima;Banjar negeri;Siaga;
PESAWARAN;Kec. Way Lima;Batu Raja;Aman;
PESAWARAN;Kec. Way Lima;Cimanuk;Siaga;
PESAWARAN;Kec. Way Lima;Gedung Dalom;Siaga;
PESAWARAN;Kec. Way Lima;Gunung Rejo;Aman;
PESAWARAN;Kec. Way Lima;Kuta Dalom;Siaga;
PESAWARAN;Kec. Way Lima;Margodadi;Aman;
PESAWARAN;Kec. Way Lima;Padang Manis;Siaga;
PESAWARAN;Kec. Way Lima;Paguyuban;Aman;
PESAWARAN;Kec. Way Lima;Pekondoh;Siaga;
PESAWARAN;Kec. Way Lima;Pekondoh Gedung;Aman;
PESAWARAN;Kec. Way Lima;Sidodadi;Aman;
PESAWARAN;Kec. Way Lima;Sindang Garut;Aman;
PESAWARAN;Kec. Way Lima;Sukamandi;Siaga;
PESAWARAN;Kec. Way Lima;Tanjung Agung;Aman;
PESAWARAN;Kec. Way Lima;Way Harong;Siaga;
PESAWARAN;Kec. Way Khilau;Bayas Jaya;Aman;
PESAWARAN;Kec. Way Khilau;Gunung Sari;Siaga;
PESAWARAN;Kec. Way Khilau;Kota Jawa;Siaga;
PESAWARAN;Kec. Way Khilau;Kubu Batu;Siaga;
PESAWARAN;Kec. Way Khilau;Mada Jaya;Siaga;
PESAWARAN;Kec. Way Khilau;Padang Cermin;Siaga;
PESAWARAN;Kec. Way Khilau;Penengahan;Siaga;
PESAWARAN;Kec. Way Khilau;Sukajaya;Siaga;
PESAWARAN;Kec. Way Khilau;Tanjung Kerta;Siaga;
PESAWARAN;Kec. Way Khilau;Tanjung Rejo;Siaga;
PESAWARAN;Kec. Way Ratai;Bunut;Siaga;
PESAWARAN;Kec. Way Ratai;Bunut Sebrang;Aman;
PESAWARAN;Kec. Way Ratai;Ceringin Asri;Aman;
PESAWARAN;Kec. Way Ratai;Gunung Rejo;Aman;
PESAWARAN;Kec. Way Ratai;Harapan Jaya;Siaga;
PESAWARAN;Kec. Way Ratai;Mulyo Sari;Aman;
PESAWARAN;Kec. Way Ratai;Pesawaran Indah;Siaga;
PESAWARAN;Kec. Way Ratai;Poncorejo;Aman;
PESAWARAN;Kec. Way Ratai;Sumber Jaya;Siaga;
PESAWARAN;Kec. Way Ratai;Wates;Siaga;
PRINGSEWU;Kec. Adiluwih;Adiluwih;Siaga;
PRINGSEWU;Kec. Adiluwih;Bandung Barat;Aman;
PRINGSEWU;Kec. Adiluwih;Bandung Baru;Aman;
PRINGSEWU;Kec. Adiluwih;Enggal Rejo;Aman;
PRINGSEWU;Kec. Adiluwih;Kuta Waringin;Aman;
PRINGSEWU;Kec. Adiluwih;Purwodadi;Aman;
PRINGSEWU;Kec. Adiluwih;Sinar Waya;Aman;
PRINGSEWU;Kec. Adiluwih;Srikaton;Siaga;
PRINGSEWU;Kec. Adiluwih;Sukoharum;Aman;
PRINGSEWU;Kec. Adiluwih;Totokarto;Aman;
PRINGSEWU;Kec. Adiluwih;Tritunggal Mulya;Aman;
PRINGSEWU;Kec. Adiluwih;Tunggul Pawenang;Aman;
PRINGSEWU;Kec. Adiluwih;Waringin Sari Timur;Aman;
PRINGSEWU;Kec. Ambarawa;Ambarawa;Siaga;
PRINGSEWU;Kec. Ambarawa;Ambarawa Barat;Siaga;
PRINGSEWU;Kec. Ambarawa;Ambarawa Timur;Siaga;
PRINGSEWU;Kec. Ambarawa;Jati Agung;Aman;
PRINGSEWU;Kec. Ambarawa;Kresno Mulyo;Aman;
PRINGSEWU;Kec. Ambarawa;Margo Dadi;Aman;
PRINGSEWU;Kec. Ambarawa;Sumber Agung;Aman;
PRINGSEWU;Kec. Ambarawa;Tanjunganom;Aman;
PRINGSEWU;Kec. Banyumas;Banjarejo;Aman;
PRINGSEWU;Kec. Banyumas;Banyumas;Siaga;
PRINGSEWU;Kec. Banyumas;Banyu urip;Aman;
PRINGSEWU;Kec. Banyumas;Banyuwangi;Aman;
PRINGSEWU;Kec. Banyumas;Mulyorejo;Siaga;
PRINGSEWU;Kec. Banyumas;Nusawungu;Aman;
PRINGSEWU;Kec. Banyumas;Sinar Mulya;Aman;
PRINGSEWU;Kec. Banyumas;Sri Rahayu;Aman;
PRINGSEWU;Kec. Banyumas;Sriwungu;Siaga;
PRINGSEWU;Kec. Banyumas;Sukamuya;Aman;
PRINGSEWU;Kec. Banyumas;Waya Krui;Aman;
PRINGSEWU;Kec. Gading Rejo;Blitarejo;Aman;
PRINGSEWU;Kec. Gading Rejo;Bulukarto;Aman;
PRINGSEWU;Kec. Gading Rejo;Bulurejo;Aman;
PRINGSEWU;Kec. Gading Rejo;Gadingrejo;Siaga;
PRINGSEWU;Kec. Gading Rejo;Gading Rejo Timur;Siaga;
PRINGSEWU;Kec. Gading Rejo;Gading Rejo Utara;Siaga;
PRINGSEWU;Kec. Gading Rejo;Kediri;Aman;
PRINGSEWU;Kec. Gading Rejo;Klaten;Aman;
PRINGSEWU;Kec. Gading Rejo;Mataram;Aman;
PRINGSEWU;Kec. Gading Rejo;Panjerejo;Aman;
PRINGSEWU;Kec. Gading Rejo;Parerejo;Aman;
PRINGSEWU;Kec. Gading Rejo;Tambahrejo;Aman;
PRINGSEWU;Kec. Gading Rejo;Tambah Rejo Barat;Aman;
PRINGSEWU;Kec. Gading Rejo;Tegalsari;Siaga;
PRINGSEWU;Kec. Gading Rejo;Tulung Agung;Aman;
PRINGSEWU;Kec. Gading Rejo;Wates;Siaga;
PRINGSEWU;Kec. Gading Rejo;Wates Selatan;Siaga;
PRINGSEWU;Kec. Gading Rejo;Wates Timur;Siaga;
PRINGSEWU;Kec. Gading Rejo;Wonodadi;Aman;
PRINGSEWU;Kec. Gading Rejo;Wonodadi Utara;Aman;
PRINGSEWU;Kec. Gading Rejo;Wonosari;Aman;
PRINGSEWU;Kec. Gading Rejo;Yogyakarta;Aman;
PRINGSEWU;Kec. Gading Rejo;Yogyakarta Selatan;Aman;
PRINGSEWU;Pagelaran;Bumiratu;Siaga;
PRINGSEWU;Pagelaran;Bumirejo;Aman;
PRINGSEWU;Pagelaran;Candiretno;Aman;
PRINGSEWU;Pagelaran;Gemahripah;Siaga;
PRINGSEWU;Pagelaran;Gumukmas;Aman;
PRINGSEWU;Pagelaran;Padangrejo;Aman;
PRINGSEWU;Pagelaran;Pujiharjo;Aman;
PRINGSEWU;Pagelaran;Sukaratu;Aman;
PRINGSEWU;Pagelaran;Sukawangi;Aman;
PRINGSEWU;Pagelaran;Sumberejo;Siaga;
PRINGSEWU;Pagelaran;Tanjung Dalam;Aman;
PRINGSEWU;Pringsewu;Bumiarum;Aman;
PRINGSEWU;Pringsewu;Bumiayu;Aman;
PRINGSEWU;Sukoharjo;Pandansari;Aman;
PRINGSEWU;Sukoharjo;Pandansari Selatan;Siaga;
PRINGSEWU;Sukoharjo;Pandansurat;Aman;
PRINGSEWU;Sukoharjo;Panggungrejo Utara;Aman;
PRINGSEWU;Sukoharjo;Sukpharjo III Barat;Siaga;
PRINGSEWU;Sukoharjo;Waringin Sari Barat;Aman;
PESISIR BARAT;Pesisir Tengah;Seray;Siaga;
PESISIR BARAT;Pesisir Tengah;Sukanegara;Siaga;
PESISIR BARAT;Lemong;Suka Mulya;Siaga;
PESISIR BARAT;Karya Penggawa;La’ay;Siaga;
PESISIR BARAT;Karya Penggawa;Tebakak Way Sindi;Siaga;
PESISIR BARAT;Pulau Pisang;Pasar Pulau Pisang;Siaga;
PESISIR BARAT;Pulau Pisang;Labuhan;Siaga;
PESISIR BARAT;Pulau Pisang;Bandar Dalam;Siaga;
PESISIR BARAT;Pulau Pisang;Pekon Lok;Siaga;
PESISIR BARAT;Pulau Pisang;Sukadana;Siaga;
PESISIR BARAT;Pulau Pisang;Sukamarga;Siaga;
PESISIR BARAT;Way Krui;Gunung Kemala Timur;Siaga;
PESISIR BARAT;Way Krui;Sukabaru;Siaga;
PESISIR BARAT;Ngaras;Parda Suka;Siaga;
PESISIR BARAT;Ngaras;Raja Basa;Siaga;
PESISIR BARAT;Ngaras;Padang Dalam;Siaga;
PESISIR BARAT;Bengkunat;Pagar Bukit;Bahaya;
PESISIR BARAT;Bengkunat;Tanjung Kemala;Siaga;
PESISIR BARAT;Bengkunat;Suka Marga;Siaga;
PESISIR BARAT;Bengkunat;Penyandingan;Waspada;
PESISIR BARAT;Bengkunat;Kota Jawa;Siaga;
PESISIR BARAT;Bengkunat;Bandar Dalam;Siaga;
PESISIR BARAT;Bengkunat;Way Haru;Siaga;
PESISIR BARAT;Bengkunat;Pemerihan;Siaga;
PESISIR BARAT;Bengkunat;Suka Negeri;Siaga;
PESISIR BARAT;Bengkunat;Sumberejo;Siaga;
PESISIR BARAT;Bengkunat;Tanjung Rejo;Siaga;
PESISIR BARAT;Bengkunat;Siring Gading;Siaga;
PESISIR BARAT;Bengkunat;Way Tias;Siaga;
PESISIR BARAT;Bengkunat;Pagar Bukit Induk;Siaga;
LAMPUNG BARAT;Air Hitam;Ringgis Jaya;Siaga;
LAMPUNG BARAT;Air Hitam;Sukadamai;Siaga;
LAMPUNG BARAT;Balik Bukit;Kubuperahu;Siaga;
LAMPUNG BARAT;Balik Bukit;Padang Cahaya;Waspada;
LAMPUNG BARAT;Balik Bukit;Sadampah Indah;Siaga;
LAMPUNG BARAT;Balik Bukit;Way Emapalau Ulu;Siaga;
LAMPUNG BARAT;Bandar Negeri Suoh;Gunung Ratu;Siaga;
LAMPUNG BARAT;Batu Ketulis;Atar Kuaw;Siaga;
LAMPUNG BARAT;Batu Ketulis;Kubuliku Jaya;Siaga;
LAMPUNG BARAT;Belalau;Pajar Agung;Siaga;
LAMPUNG BARAT;Gedung Surian;Mekarjaya;Siaga;
LAMPUNG BARAT;Gedung Surian;Pura Merdeka;Siaga;
LAMPUNG BARAT;Gedung Surian;Trimulyo;Siaga;
LAMPUNG BARAT;Lumbok Seminung;Suka Banjar Ujung Rembun;Siaga;
LAMPUNG BARAT;Sukau;Teba Piring Raya;Siaga;
LAMPUNG BARAT;Suoh;Rowo Rejo;Siaga;
LAMPUNG BARAT;Suoh;Sukamarga;Siaga;
LAMPUNG BARAT;Sumber Jaya;Suka Pura;Siaga;
LAMPUNG BARAT;Way Tenong;Pajar Butan;Siaga;
MESUJI;Mesuji;Mulyasari;Bahaya;
MESUJI;Mesuji;Sidomulyo;Bahaya;
MESUJI;Mesuji;Tirtalaga;Bahaya;
MESUJI;Mesuji Timur;Wonosari;Aman;
TULANG BAWANG;Rawa Pitu;Duta Yoso Mulyo;Waspada;
TULANG BAWANG;Gedung Aji;Penawar Aji;Bahaya;
TULANG BAWANG;Penawar Aji;Wonorejo;Siaga;
TULANG BAWANG;Rawa Jitu Timur;Bumi Depasena Utama;Bahaya;
TULANG BAWANG;Rawa Jitu Timur;Bumi Depasena Agung;Waspada;
TULANG BAWANG;Rawa Jitu Timur;Bumi Depasena Jaya;Bahaya;
TULANG BAWANG;Rawa Jitu Timur;Bumi Depasena Mulya;Waspada;
TULANG BAWANG;Rawa Jitu Timur;Bumi Depasena Makmur;Siaga;
TULANG BAWANG;Rawa Jitu Timur;Bumi Depasena Sejahtera;Waspada;
TULANG BAWANG;Rawa Jitu Timur;Bumi Depasena Abadi;Aman;
TULANG BAWANG;Rawa Jitu Selatan;Meda Sari;Siaga;
TULANG BAWANG;Penawar Tama;Boga Tama;Waspada;
TULANG BAWANG;Penawar Tama;Wira Tama;Bahaya;
TULANG BAWANG;Penawar Tama;Sido Harjo;Siaga;
TULANG BAWANG;Penawar Tama;Tri Karya;Aman;
TULANG BAWANG;Penawar Tama;Sido Mulyo;Siaga;
TULANG BAWANG;Penawar Tama;Sido Makmur;Bahaya;
TULANG BAWANG;Penawar Tama;Dwi Mulyo;Aman;
TULANG BAWANG;Gedung Aji Baru;Makarti Tama;Bahaya;
TULANG BAWANG;Gedung Aji Baru;Sido Mukti;Waspada;
TULANG BAWANG;Gedung Aji Baru;Sido Mekar;Waspada;
TULANG BAWANG;Menggala Timur;Cempaka Dalam;Bahaya;
TULANG BAWANG;Banjar Baru;Panca Mulya;Aman;
TULANG BAWANG;Banjar Agung;Tri Darma Wirajaya;Siaga;
TULANG BAWANG;Banjar Margo;Suka Maju;Siaga;
TULANG BAWANG;Banjar Margo;Catur Karya Buana Jaya;Bahaya;
TULANG BAWANG;Banjar Margo;Agung Dalam;Bahaya;
TULANG BAWANG;Dente Teladas;Mahobang;Waspada;
TULANG BAWANG;Dente Teladas;Brantasena Adi Warna;Bahaya;
TULANG BAWANG;Dente Teladas;Brantasena Mandiri;Waspada;
WAY KANAN;Umpu Semenguk;Negeri Baru;Waspada;
WAY KANAN;Umpu Semenguk;Negeri Batin;Waspada;
WAY KANAN;Umpu Semenguk;Gistang;Waspada;
WAY KANAN;Umpu Semenguk;Rambang Jaya;Siaga;
WAY KANAN;Umpu Semenguk;Negeri Bumi Putera;Waspada;
WAY KANAN;Umpu Semenguk;Panca Negeri;Waspada;
WAY KANAN;Umpu Semenguk;Sidoarjo;Waspada;
WAY KANAN;Umpu Semenguk;Bumi Ratu;Aman;
WAY KANAN;Umpu Semenguk;Bratayudha;Siaga;
WAY KANAN;Umpu Semenguk;Sriwijaya;Siaga;
WAY KANAN;Umpu Semenguk;Ojolali;Siaga;
WAY KANAN;Umpu Semenguk;Gedung Batin;Waspada;
WAY KANAN;Umpu Semenguk;Gedung Riang;Siaga;
WAY KANAN;Kasui;Kotaway;Waspada;
WAY KANAN;Kasui;Jayatinggi;Waspada;
WAY KANAN;Kasui;Sukajadi;Siaga;
WAY KANAN;Kasui;Tanjung Kurung Lama;Waspada;
WAY KANAN;Kasui;Bukit Batu;Waspada;
WAY KANAN;Banjit;Bonglai;Waspada;
WAY KANAN;Banjit;Bali Sadar Tengah;Waspada;
WAY KANAN;Banjit;Donomulyo;Siaga;
WAY KANAN;Banjit;Bali Sadhar Utara;Waspada;
WAY KANAN;Banjit;Bali Sadhar Selatan;Waspada;
WAY KANAN;Banjit;Argomulyo;Siaga;
WAY KANAN;Baradatu;Taman Sari;Waspada;
WAY KANAN;Baradatu;Suko Sari;Siaga;
WAY KANAN;Bahuga;Kuta Dewa;Siaga;
WAY KANAN;Pakuan Ratu;Suka Bumi;Bahaya;
WAY KANAN;Pakuan Ratu;Bhakti Negara;Bahaya;
WAY KANAN;Negeri Agung;Sungsang;Waspada;
WAY KANAN;Negeri Agung;Kota Bumi Way Kanan;Waspada;
WAY KANAN;Negeri Agung;Gedong Menang;Bahaya;
WAY KANAN;Negeri Agung;Kalipapan;Waspada;
WAY KANAN;Way Tuba;Ramsay;Waspada;
WAY KANAN;Gunung Labuhan;Banjar Saki;Bahaya;
WAY KANAN;Gunung Labuhan;Negri Mulya;Waspada;
WAY KANAN;Gunung Labuhan;Suka Rame;Waspada;
WAY KANAN;Gunung Labuhan;Gunung Pekuon;Waspada;
WAY KANAN;Negara Batin;Sry Mulyo;Waspada;
WAY KANAN;Negara Batin;Sry Menanti;Waspada;
WAY KANAN;Negara Batin;Kerta Jaya;Bahaya;
WAY KANAN;Negeri Besar;Negara Besar;Bahaya;
WAY KANAN;Bumi Agung;Tanjung Dalam;Bahaya;
WAY KANAN;Bumi Agung;Wonoharjo;Waspada;
WAY KANAN;Buay Bahuga;Bumiharjo;Aman;
WAY KANAN;Buay Bahuga;Sukabumi;Bahaya;
LAMPUNG UTARA;Abung Selatan;Gilih Suka Negeri;Waspada;
LAMPUNG UTARA;Abung Semuli;Sidorahayu;Waspada;
LAMPUNG UTARA;Abung Semuli;Sukamaju;Siaga;
LAMPUNG UTARA;Abung Surakarta;Purbasakti;Waspada;
LAMPUNG UTARA;Abung Surakarta;Tata Karya;Bahaya;
LAMPUNG UTARA;Abung Tengah;Neglasari;Waspada;
LAMPUNG UTARA;Abung Timur;Rejomulyo;Waspada;
LAMPUNG UTARA;Kotabumi;Rejosari;Waspada;
LAMPUNG UTARA;Kotabumi;Sribasuki;Waspada;
LAMPUNG UTARA;Kotabumi Selatan;Curup Guruh Kagungan;Waspada;
LAMPUNG UTARA;Kotabumi Selatan;Tanjung Aman;Waspada;
LAMPUNG UTARA;Kotabumi Selatan;Tanjung Harapan;Waspada;
LAMPUNG UTARA;Kotabumi Selatan;Tanjung Senang;Waspada;
LAMPUNG UTARA;Kotabumi Utara;Banjarwangi;Waspada;
LAMPUNG UTARA;Kotabumi Utara;Kalicinta;Bahaya;
LAMPUNG UTARA;Kotabumi Utara;Madukoro Baru;Waspada;
LAMPUNG UTARA;Kotabumi Utara;Margorejo;Waspada;
LAMPUNG UTARA;Kotabumi Utara;Sawojajar;Waspada;
LAMPUNG UTARA;Kotabumi Utara;Talangjali;Siaga;
LAMPUNG UTARA;Kotabumi Utara;Wonomarto;Waspada;
LAMPUNG UTARA;Tanjung Raja;Sidomulyo;Waspada;
LAMPUNG UTARA;Tanjung Raja;Sukamulya;Bahaya;
LAMPUNG UTARA;Tanjung Raja;Sukasari;Waspada;
LAMPUNG TENGAH;Anak Ratu Aji;Sri Mulyo;Siaga;
LAMPUNG TENGAH;Anak Tuha (12);Bumi Aji;Waspada;
LAMPUNG TENGAH;Anak Tuha (12);Bumi Jaya;Siaga;
LAMPUNG TENGAH;Anak Tuha (12);Gunung Agung;Siaga;
LAMPUNG TENGAH;Anak Tuha (12);Haji Pemanggilan;Waspada;
LAMPUNG TENGAH;Anak Tuha (12);Jaya Sakti;Siaga;
LAMPUNG TENGAH;Anak Tuha (12);Mulyo Haji;Siaga;
LAMPUNG TENGAH;Anak Tuha (12);Negara Aji Baru;Siaga;
LAMPUNG TENGAH;Anak Tuha (12);Negara Aji Tua;Siaga;
LAMPUNG TENGAH;Anak Tuha (12);Negara Bumi Ilir;Siaga;
LAMPUNG TENGAH;Anak Tuha (12);Negara Bumi Udik;Siaga;
LAMPUNG TENGAH;Anak Tuha (12);Sri Katon;Siaga;
LAMPUNG TENGAH;Anak Tuha (12);Tanjung Harapan;Siaga;
LAMPUNG TENGAH;Bandar Mataram;Jati Datar Mataram;Siaga;
LAMPUNG TENGAH;Bandar Surabaya (10);Beringin Jaya;Siaga;
LAMPUNG TENGAH;Bandar Surabaya (10);Cabang;Siaga;
LAMPUNG TENGAH;Bandar Surabaya (10);Cempaka Putih;Siaga;
LAMPUNG TENGAH;Bandar Surabaya (10);Gaya Baru V;Siaga;
LAMPUNG TENGAH;Bandar Surabaya (10);Rajawali;Siaga;
LAMPUNG TENGAH;Bandar Surabaya (10);Sidodadi;Siaga;
LAMPUNG TENGAH;Bandar Surabaya (10);Subang Jaya;Siaga;
LAMPUNG TENGAH;Bandar Surabaya (10);Sumber Agung;Siaga;
LAMPUNG TENGAH;Bandar Surabaya (10);Surabaya Ilir;Siaga;
LAMPUNG TENGAH;Bandar Surabaya (10);Surabaya Baru;Siaga;
LAMPUNG TENGAH;Bangunrejo (17);Bangunrejo;Siaga;
LAMPUNG TENGAH;Bangunrejo (17);Cimarias;Siaga;
LAMPUNG TENGAH;Bangunrejo (17);Mekar Jaya;Siaga;
LAMPUNG TENGAH;Bangunrejo (17);Purwodadi;Siaga;
LAMPUNG TENGAH;Bangunrejo (17);Sidodadi;Siaga;
LAMPUNG TENGAH;Bangunrejo (17);Sidoluhur;Siaga;
LAMPUNG TENGAH;Bangunrejo (17);Sidomulyo;Siaga;
LAMPUNG TENGAH;Bangunrejo (17);Sidorejo;Siaga;
LAMPUNG TENGAH;Bangunrejo (17);Sinar Luas;Siaga;
LAMPUNG TENGAH;Bangunrejo (17);Sinar Seputih;Siaga;
LAMPUNG TENGAH;Bangunrejo (17);Sri Pendowo;Siaga;
LAMPUNG TENGAH;Bangunrejo (17);Suka Negeri;Siaga;
LAMPUNG TENGAH;Bangunrejo (17);Sukanegara;Siaga;
LAMPUNG TENGAH;Bangunrejo (17);Sukawaringin;Siaga;
LAMPUNG TENGAH;Bangunrejo (17);Tanjungjaya;Siaga;
LAMPUNG TENGAH;Bangunrejo (17);Tanjung Pandan;Siaga;
LAMPUNG TENGAH;Bangunrejo (17);Timbulrejo;Siaga;
LAMPUNG TENGAH;Bekri;Binjai Agung;Siaga;
LAMPUNG TENGAH;Bekri;Kesumadadi;Siaga;
LAMPUNG TENGAH;Bumi Ratu Nuban (10);Bumi Raharjo;Siaga;
LAMPUNG TENGAH;Bumi Ratu Nuban (10);Bumi Rahayu;Siaga;
LAMPUNG TENGAH;Bumi Ratu Nuban (10);Bumi Ratu;Siaga;
LAMPUNG TENGAH;Bumi Ratu Nuban (10);Bulu Sari;Siaga;
LAMPUNG TENGAH;Bumi Ratu Nuban (10);Sidokerto;Siaga;
LAMPUNG TENGAH;Bumi Ratu Nuban (10);Sido Waras;Siaga;
LAMPUNG TENGAH;Bumi Ratu Nuban (10);Suka Jadi;Siaga;
LAMPUNG TENGAH;Bumi Ratu Nuban (10);Suka Jawa;Siaga;
LAMPUNG TENGAH;Bumi Ratu Nuban (10);Tulang Kakan;Siaga;
LAMPUNG TENGAH;Bumi Ratu Nuban (10);Wates;Siaga;
LAMPUNG TENGAH;Gunung Sugih (15);Gunung Sugih;Bahaya;
LAMPUNG TENGAH;Gunung Sugih (15);Gunung Sugih Raya;Siaga;
LAMPUNG TENGAH;Gunung Sugih (15);Komering Agung;Siaga;
LAMPUNG TENGAH;Gunung Sugih (15);Seputih Jaya;Siaga;
LAMPUNG TENGAH;Gunung Sugih (15);Bangun Rejo;Siaga;
LAMPUNG TENGAH;Gunung Sugih (15);Buyut Ilir;Bahaya;
LAMPUNG TENGAH;Gunung Sugih (15);Buyut Udik;Siaga;
LAMPUNG TENGAH;Gunung Sugih (15);Buyut Utara;Siaga;
LAMPUNG TENGAH;Gunung Sugih (15);Fajar Bulan;Siaga;
LAMPUNG TENGAH;Gunung Sugih (15);Gunung Sari;Siaga;
LAMPUNG TENGAH;Gunung Sugih (15);Komering Putih;Siaga;
LAMPUNG TENGAH;Gunung Sugih (15);Putra Buyut;Siaga;
LAMPUNG TENGAH;Gunung Sugih (15);Terbanggi Agung;Siaga;
LAMPUNG TENGAH;Gunung Sugih (15);Terbanggi Subing;Siaga;
LAMPUNG TENGAH;Gunung Sugih (15);Wono Sari;Siaga;
LAMPUNG TENGAH;Kalirejo (17);Agung Timur;Siaga;
LAMPUNG TENGAH;Kalirejo (17);Balai Rejo;Siaga;
LAMPUNG TENGAH;Kalirejo (17);Kalirejo;Waspada;
LAMPUNG TENGAH;Kalirejo (17);Kali Dadi;Siaga;
LAMPUNG TENGAH;Kalirejo (17);Kalisari;Siaga;
LAMPUNG TENGAH;Kalirejo (17);Kaliwungu;Siaga;
LAMPUNG TENGAH;Kalirejo (17);Ponco Warno;Siaga;
LAMPUNG TENGAH;Kalirejo (17);Sinar Rejo;Siaga;
LAMPUNG TENGAH;Kalirejo (17);Sinar Sari;Siaga;
LAMPUNG TENGAH;Kalirejo (17);Sri Basuki;Siaga;
LAMPUNG TENGAH;Kalirejo (17);Sri Dadi;Siaga;
LAMPUNG TENGAH;Kalirejo (17);Sri Mulyo;Siaga;
LAMPUNG TENGAH;Kalirejo (17);Sri Purnomo;Siaga;
LAMPUNG TENGAH;Kalirejo (17);Sri Way Langsep;Siaga;
LAMPUNG TENGAH;Kalirejo (17);Suko Sari;Siaga;
LAMPUNG TENGAH;Kalirejo (17);Watu Agung;Siaga;
LAMPUNG TENGAH;Kalirejo (17);Way Krui;Siaga;
LAMPUNG TENGAH;Kotagajah;Kota Gajah;Waspada;
LAMPUNG TENGAH;Kotagajah;Kota Gajah Timur;Waspada;
LAMPUNG TENGAH;Kotagajah;Nambah Rejo;Siaga;
LAMPUNG TENGAH;Kotagajah;Purworejo;Siaga;
LAMPUNG TENGAH;Kotagajah;Sapto Mulyo;Siaga;
LAMPUNG TENGAH;Kotagajah;Sritejo Kencono;Siaga;
LAMPUNG TENGAH;Kotagajah;Sumber Rejo;Siaga;
LAMPUNG TENGAH;Padang Ratu (15);Bandar Sari;Siaga;
LAMPUNG TENGAH;Padang Ratu (15);Haduyang Ratu;Siaga;
LAMPUNG TENGAH;Padang Ratu (15);Karang Sari;Siaga;
LAMPUNG TENGAH;Padang Ratu (15);Kuripan;Siaga;
LAMPUNG TENGAH;Padang Ratu (15);Margorejo;Siaga;
LAMPUNG TENGAH;Padang Ratu (15);Mojokerto;Siaga;
LAMPUNG TENGAH;Padang Ratu (15);Karang Tanjung;Siaga;
LAMPUNG TENGAH;Padang Ratu (15);Kota Baru;Siaga;
LAMPUNG TENGAH;Padang Ratu (15);Padang Ratu;Bahaya;
LAMPUNG TENGAH;Padang Ratu (15);Purworejo;Siaga;
LAMPUNG TENGAH;Padang Ratu (15);Purwosari;Siaga;
LAMPUNG TENGAH;Padang Ratu (15);Sendang Ayu;Siaga;
LAMPUNG TENGAH;Padang Ratu (15);Sri Agung;Siaga;
LAMPUNG TENGAH;Padang Ratu (15);Sumber Sari;Siaga;
LAMPUNG TENGAH;Padang Ratu (15);Surabaya;Siaga;
LAMPUNG TENGAH;Pubian (20);Gunung Haji;Bahaya;
LAMPUNG TENGAH;Pubian (20);Gunung Raya;Siaga;
LAMPUNG TENGAH;Pubian (20);Kota Batu;Siaga;
LAMPUNG TENGAH;Pubian (20);Negeri Kepayungan;Waspada;
LAMPUNG TENGAH;Pubian (20);Negeri Ratu;Siaga;
LAMPUNG TENGAH;Pubian (20);Padang Rejo;Siaga;
LAMPUNG TENGAH;Pubian (20);Payung Batu;Siaga;
LAMPUNG TENGAH;Pubian (20);Payung Dadi;Siaga;
LAMPUNG TENGAH;Pubian (20);Payung Makmur;Siaga;
LAMPUNG TENGAH;Pubian (20);Payung Mulya;Siaga;
LAMPUNG TENGAH;Pubian (20);Payung Rejo;Siaga;
LAMPUNG TENGAH;Pubian (20);Pekandangan;Siaga;
LAMPUNG TENGAH;Pubian (20);Riau Priangan;Siaga;
LAMPUNG TENGAH;Pubian (20);Sangun Ratu;Siaga;
LAMPUNG TENGAH;Pubian (20);Segala Mider;Siaga;
LAMPUNG TENGAH;Pubian (20);Sinar Negeri;Siaga;
LAMPUNG TENGAH;Pubian (20);Tanjung Kemala;Siaga;
LAMPUNG TENGAH;Pubian (20);Tanjung Rejo;Siaga;
LAMPUNG TENGAH;Pubian (20);Tias Bangun;Siaga;
LAMPUNG TENGAH;Pubian (20);Tawang Negeri;Siaga;
LAMPUNG TENGAH;Putra Rumbia (10);Bina Karya Baru;Siaga;
LAMPUNG TENGAH;Putra Rumbia (10);Bina Karya Jaya;Siaga;
LAMPUNG TENGAH;Putra Rumbia (10);Bina Karya Sakti;Siaga;
LAMPUNG TENGAH;Putra Rumbia (10);Bina Karya Utama;Siaga;
LAMPUNG TENGAH;Putra Rumbia (10);Joharan;Siaga;
LAMPUNG TENGAH;Putra Rumbia (10);Mekar Jaya;Siaga;
LAMPUNG TENGAH;Putra Rumbia (10);Mranggi Jaya;Siaga;
LAMPUNG TENGAH;Putra Rumbia (10);Rantau Jaya Baru;Siaga;
LAMPUNG TENGAH;Putra Rumbia (10);Rantau Jaya Ilir;Siaga;
LAMPUNG TENGAH;Putra Rumbia (10);Rantau Jaya Makmur;Siaga;
LAMPUNG TENGAH;Selagai Linggai (14);Gedung Aji;Waspada;
LAMPUNG TENGAH;Selagai Linggai (14);Gedung Harta;Waspada;
LAMPUNG TENGAH;Selagai Linggai (14);Gilih Karangjati;Siaga;
LAMPUNG TENGAH;Selagai Linggai (14);Karang Anyar;Siaga;
LAMPUNG TENGAH;Selagai Linggai (14);Linggapura;Siaga;
LAMPUNG TENGAH;Selagai Linggai (14);Marga Jaya;Siaga;
LAMPUNG TENGAH;Selagai Linggai (14);Mekar Harjo;Siaga;
LAMPUNG TENGAH;Selagai Linggai (14);Negeri Jaya;Siaga;
LAMPUNG TENGAH;Selagai Linggai (14);Negeri Agung;Siaga;
LAMPUNG TENGAH;Selagai Linggai (14);Negeri Katon;Siaga;
LAMPUNG TENGAH;Selagai Linggai (14);Nyukang Harjo;Siaga;
LAMPUNG TENGAH;Selagai Linggai (14);Sidoharjo;Siaga;
LAMPUNG TENGAH;Selagai Linggai (14);Taman Sari;Siaga;
LAMPUNG TENGAH;Selagai Linggai (14);Tanjung Ratu;Siaga;
LAMPUNG TENGAH;Seputih Agung (10);Bumi Kencana;Siaga;
LAMPUNG TENGAH;Seputih Agung (10);Bumi Mas;Siaga;
LAMPUNG TENGAH;Seputih Agung (10);Dono Arum;Siaga;
LAMPUNG TENGAH;Seputih Agung (10);Endang Rejo;Siaga;
LAMPUNG TENGAH;Seputih Agung (10);Fajar Asri;Siaga;
LAMPUNG TENGAH;Seputih Agung (10);Gayau Sakti;Siaga;
LAMPUNG TENGAH;Seputih Agung (10);Harapan Rejo;Siaga;
LAMPUNG TENGAH;Seputih Agung (10);Muji Rahayu;Siaga;
LAMPUNG TENGAH;Seputih Agung (10);Simpang Agung;Siaga;
LAMPUNG TENGAH;Seputih Agung (10);Sulusuban;Siaga;
LAMPUNG TENGAH;Seputih Banyak (13);Sanggar Buana;Siaga;
LAMPUNG TENGAH;Seputih Banyak (13);Sakti Buana;Siaga;
LAMPUNG TENGAH;Seputih Banyak (13);Setia Bakti;Siaga;
LAMPUNG TENGAH;Seputih Banyak (13);Setia Budi;Siaga;
LAMPUNG TENGAH;Seputih Banyak (13);Siswo Binangun;Siaga;
LAMPUNG TENGAH;Seputih Banyak (13);Sri Basuki;Siaga;
LAMPUNG TENGAH;Seputih Banyak (13);Sri Bhakti;Siaga;
LAMPUNG TENGAH;Seputih Banyak (13);Sumber Bahagia;Siaga;
LAMPUNG TENGAH;Seputih Banyak (13);Sumber Baru;Siaga;
LAMPUNG TENGAH;Seputih Banyak (13);Sumber Fajar;Siaga;
LAMPUNG TENGAH;Seputih Banyak (13);Swastika Buana;Siaga;
LAMPUNG TENGAH;Seputih Banyak (13);Tanjung Harapan;Siaga;
LAMPUNG TENGAH;Seputih Banyak (13);Tanjung Kerajan;Siaga;
LAMPUNG TENGAH;Seputih Mataram (12);Banjar Agung Mataram;Waspada;
LAMPUNG TENGAH;Seputih Mataram (12);Bumi Setia Mataram;Siaga;
LAMPUNG TENGAH;Seputih Mataram (12);Dharma Agung Mataram;Siaga;
LAMPUNG TENGAH;Seputih Mataram (12);Fajar Mataram;Siaga;
LAMPUNG TENGAH;Seputih Mataram (12);Qurnia Mataram;Siaga;
LAMPUNG TENGAH;Seputih Mataram (12);Rejosari Mataram;Siaga;
LAMPUNG TENGAH;Seputih Mataram (12);Subing Karya;Siaga;
LAMPUNG TENGAH;Seputih Mataram (12);Sumber Agung Mataram;Siaga;
LAMPUNG TENGAH;Seputih Mataram (12);Trimulyo Mataram;Siaga;
LAMPUNG TENGAH;Seputih Mataram (12);Utama Jaya Mataram;Siaga;
LAMPUNG TENGAH;Seputih Mataram (12);Varia Agung Mataram;Siaga;
LAMPUNG TENGAH;Seputih Mataram (12);Wirata Agung Mataram;Siaga;
LAMPUNG TENGAH;Seputih Raman (14);Buyut Baru;Siaga;
LAMPUNG TENGAH;Seputih Raman (14);Rama Dewa;Siaga;
LAMPUNG TENGAH;Seputih Raman (14);Rama Gunawan;Siaga;
LAMPUNG TENGAH;Seputih Raman (14);Rama Indra;Siaga;
LAMPUNG TENGAH;Seputih Raman (14);Rama Klandungan;Siaga;
LAMPUNG TENGAH;Seputih Raman (14);Rama Oetama;Siaga;
LAMPUNG TENGAH;Seputih Raman (14);Rama Murti;Siaga;
LAMPUNG TENGAH;Seputih Raman (14);Rama Nirwana;Siaga;
LAMPUNG TENGAH;Seputih Raman (14);Rama Yana;Siaga;
LAMPUNG TENGAH;Seputih Raman (14);Ratna Chaton;Siaga;
LAMPUNG TENGAH;Seputih Raman (14);Rejo Asri;Siaga;
LAMPUNG TENGAH;Seputih Raman (14);Rejo Basuki;Siaga;
LAMPUNG TENGAH;Seputih Raman (14);Rukti Endah;Siaga;
LAMPUNG TENGAH;Seputih Raman (14);Rukti Harjo;Siaga;
LAMPUNG TENGAH;Seputih Surabaya (13);Gaya Baru I;Siaga;
LAMPUNG TENGAH;Seputih Surabaya (13);Gaya Baru II;Siaga;
LAMPUNG TENGAH;Seputih Surabaya (13);Gaya Baru III;Siaga;
LAMPUNG TENGAH;Seputih Surabaya (13);Gaya Baru IV;Siaga;
LAMPUNG TENGAH;Seputih Surabaya (13);Gaya Baru VI;Siaga;
LAMPUNG TENGAH;Seputih Surabaya (13);Gaya Baru VII;Siaga;
LAMPUNG TENGAH;Seputih Surabaya (13);Gaya Baru VIII;Siaga;
LAMPUNG TENGAH;Seputih Surabaya (13);Kenanga Sari;Siaga;
LAMPUNG TENGAH;Seputih Surabaya (13);Mataram Ilir;Siaga;
LAMPUNG TENGAH;Seputih Surabaya (13);Rawa Betik;Siaga;
LAMPUNG TENGAH;Seputih Surabaya (13);Srikaton;Siaga;
LAMPUNG TENGAH;Seputih Surabaya (13);Srimulya Jaya;Siaga;
LAMPUNG TENGAH;Seputih Surabaya (13);Sumber Katon;Siaga;
LAMPUNG TENGAH;Seputih Surabaya (13);Bandar Jaya Barat;Siaga;
LAMPUNG TENGAH;Seputih Surabaya (13);Bandar Jaya Timur;Siaga;
LAMPUNG TENGAH;Seputih Surabaya (13);Yukum Jaya;Siaga;
LAMPUNG TENGAH;Seputih Surabaya (13);Adi Jaya;Siaga;
LAMPUNG TENGAH;Seputih Surabaya (13);Indra Putra Subing;Siaga;
LAMPUNG TENGAH;Seputih Surabaya (13);Karang Endah;Siaga;
LAMPUNG TENGAH;Seputih Surabaya (13);Nambah Dadi;Siaga;
LAMPUNG TENGAH;Seputih Surabaya (13);Ono Harjo;Siaga;
LAMPUNG TENGAH;Seputih Surabaya (13);Poncowati;Siaga;
LAMPUNG TENGAH;Seputih Surabaya (13);Terbanggi Besar;Bahaya;
LAMPUNG TENGAH;Trimurjo (14);Adipuro;Siaga;
LAMPUNG TENGAH;Trimurjo (14);Simbar Waringin;Siaga;
LAMPUNG TENGAH;Trimurjo (14);Trimurjo;Siaga;
LAMPUNG TENGAH;Trimurjo (14);Depok Rejo;Siaga;
LAMPUNG TENGAH;Trimurjo (14);Leman Benawi;Siaga;
LAMPUNG TENGAH;Trimurjo (14);Notoharjo;Siaga;
LAMPUNG TENGAH;Trimurjo (14);Pujoasri;Siaga;
LAMPUNG TENGAH;Trimurjo (14);Pujo Basuki;Siaga;
LAMPUNG TENGAH;Trimurjo (14);Pujodadi;Siaga;
LAMPUNG TENGAH;Trimurjo (14);Pujokerto;Siaga;
LAMPUNG TENGAH;Trimurjo (14);Purwoadi;Siaga;
LAMPUNG TENGAH;Trimurjo (14);Purwodadi;Siaga;
LAMPUNG TENGAH;Trimurjo (14);Tempuran;Siaga;
LAMPUNG TENGAH;Trimurjo (14);Untoro;Siaga;
LAMPUNG TENGAH;Way Pengubuan;Banjar Kertahayu;Siaga;
LAMPUNG TENGAH;Way Pengubuan;Banjar Ratu;Siaga;
LAMPUNG TENGAH;Way Pengubuan;Banjar Rejo;Siaga;
LAMPUNG TENGAH;Way Pengubuan;Candi Rejo;Siaga;
LAMPUNG TENGAH;Way Pengubuan;Lempuyang Bandar;Siaga;
LAMPUNG TENGAH;Way Pengubuan;Putra Lempuyang;Siaga;
LAMPUNG TENGAH;Way Pengubuan;Purnama Tunggal;Siaga;
LAMPUNG TENGAH;Way Pengubuan;Tanjung Ratu Ilir;Siaga;
TULANG BAWANG BARAT;Batu Putih (10);Margo Dadi;Siaga;
TULANG BAWANG BARAT;Batu Putih (10);Margo Mulya;Siaga;
TULANG BAWANG BARAT;Batu Putih (10);Margo Sari;Siaga;
TULANG BAWANG BARAT;Batu Putih (10);Mulyo Sari;Siaga;
TULANG BAWANG BARAT;Batu Putih (10);Panca Marga;Siaga;
TULANG BAWANG BARAT;Batu Putih (10);Sakti Jaya;Siaga;
TULANG BAWANG BARAT;Batu Putih (10);Sido Makmur;Siaga;
TULANG BAWANG BARAT;Batu Putih (10);Toto Katon;Siaga;
TULANG BAWANG BARAT;Batu Putih (10);Toto Makmur;Siaga;
TULANG BAWANG BARAT;Batu Putih (10);Toto Wonodadi;Siaga;
TULANG BAWANG BARAT;Gunung Agung (13);Bangun Jaya;Siaga;
TULANG BAWANG BARAT;Gunung Agung (13);Dwikora Jaya;Siaga;
TULANG BAWANG BARAT;Gunung Agung (13);Jaya Murni;Siaga;
TULANG BAWANG BARAT;Gunung Agung (13);Marga Jaya;Siaga;
TULANG BAWANG BARAT;Gunung Agung (13);Mekar Jaya;Siaga;
TULANG BAWANG BARAT;Gunung Agung (13);Mulya Jaya;Waspada;
TULANG BAWANG BARAT;Gunung Agung (13);Mulya Sari;Waspada;
TULANG BAWANG BARAT;Gunung Agung (13);Suka Jaya;Siaga;
TULANG BAWANG BARAT;Gunung Agung (13);Sumber Rejeki;Siaga;
TULANG BAWANG BARAT;Gunung Agung (13);Sumber Jaya;Siaga;
TULANG BAWANG BARAT;Gunung Agung (13);Tri Tunggal Jaya;Siaga;
TULANG BAWANG BARAT;Gunung Agung (13);Tunas Jaya;Siaga;
TULANG BAWANG BARAT;Gunung Agung (13);Wono Rejo;Siaga;
TULANG BAWANG BARAT;Gunung Terang (10);Gunung Agung;Siaga;
TULANG BAWANG BARAT;Gunung Terang (10);Gunung Terang;Waspada;
TULANG BAWANG BARAT;Gunung Terang (10);Kagungan Jaya;Siaga;
TULANG BAWANG BARAT;Gunung Terang (10);Mulyo Jadi;Siaga;
TULANG BAWANG BARAT;Gunung Terang (10);Setia Agung;Siaga;
TULANG BAWANG BARAT;Gunung Terang (10);Setia Bumi;Siaga;
TULANG BAWANG BARAT;Gunung Terang (10);Terang Bumi Agung;Waspada;
TULANG BAWANG BARAT;Gunung Terang (10);Terang Makmur;Siaga;
TULANG BAWANG BARAT;Gunung Terang (10);Terang Mulya;Siaga;
TULANG BAWANG BARAT;Gunung Terang (10);Toto Mulyo;Siaga;
TULANG BAWANG BARAT;Lambu Kibang (10);Gilang Tunggal Makarta;Siaga;
TULANG BAWANG BARAT;Lambu Kibang (10);Gunung Sari;Siaga;
TULANG BAWANG BARAT;Lambu Kibang (10);Kibang Budi Jaya;Siaga;
TULANG BAWANG BARAT;Lambu Kibang (10);Kibang Mulya Jaya;Siaga;
TULANG BAWANG BARAT;Lambu Kibang (10);Kibang Tri Jaya;Siaga;
TULANG BAWANG BARAT;Lambu Kibang (10);Kibang Yekti Jaya;Siaga;
TULANG BAWANG BARAT;Lambu Kibang (10);Lesung Bhakti Jaya;Siaga;
TULANG BAWANG BARAT;Lambu Kibang (10);Mekar Sari Jaya;Siaga;
TULANG BAWANG BARAT;Lambu Kibang (10);Pagar Jaya;Siaga;
TULANG BAWANG BARAT;Lambu Kibang (10);Sumber Rejo;Siaga;
TULANG BAWANG BARAT;Tulang Bawang Udik;Kartasari;Siaga;
TULANG BAWANG BARAT;Tumijajar (10);Sumber Rejo;Siaga;
TULANG BAWANG BARAT;Tumijajar (10);Daya Asri;Siaga;
TULANG BAWANG BARAT;Tumijajar (10);Daya Murni;Bahaya;
TULANG BAWANG BARAT;Tumijajar (10);Daya Sakti;Siaga;
TULANG BAWANG BARAT;Tumijajar (10);Gunung Menanti;Siaga;
TULANG BAWANG BARAT;Tumijajar (10);Gunung Timbul;Siaga;
TULANG BAWANG BARAT;Tumijajar (10);Makarti;Siaga;
TULANG BAWANG BARAT;Tumijajar (10);Margo Dadi;Siaga;
TULANG BAWANG BARAT;Tumijajar (10);Margo Mulyo;Siaga;
TULANG BAWANG BARAT;Tumijajar (10);Murni Jaya;Siaga;
